[
  {
    "name":"AndroidManifest.xml",
    "file":true,
    "eq":true
  },
  {
    "name":"apktool.yml",
    "file":true,
    "eq":true
  },
  {
    "name":"assets",
    "file":false,
    "eq":true
  },
  {
    "name":"lib",
    "file":false,
    "eq":true
  },
  {
    "name":"original",
    "file":false,
    "eq":true
  },
  {
    "name":"res",
    "file":false,
    "eq":true
  },
  {
    "name":"smali",
    "file":false,
    "eq":false
  },
  {
    "name":"libs",
    "file":false,
    "eq":true
  },
  {
    "name":"dex",
    "file":false,
    "eq":true
  },
  {
    "name":"unknown",
    "file":false,
    "eq":true
  }
]